sequence number,unix timestamp
1,1777248258534705000
2,1777248258644198000
3,1777248258740142000
4,1777248258835940000
5,1777248258940976000
6,1777248259035604000
7,1777248259143042000
8,1777248259235679000
9,1777248259343703000
10,1777248259441643000
11,1777248259534032000
12,1777248259664188000
13,1777248259736804000
14,1777248259832675000
15,1777248259940605000
16,1777248260079303000
17,1777248260137976000
18,1777248260249251000
19,1777248260362102000
20,1777248260538042000
21,1777248260614655000
22,1777248260806303000
23,1777248260869423000
25,1777248261103022000
26,1777248261194361000
27,1777248261319440000
28,1777248261414329000
29,1777248261441390000
30,1777248261522745000
31,1777248261626468000
32,1777248261749484000
33,1777248261834121000
34,1777248261901797000
35,1777248262005331000
36,1777248262148566000
37,1777248262242474000
38,1777248262352722000
39,1777248262369572000
40,1777248262535325000
41,1777248262645652000
42,1777248262726871000
43,1777248262813911000
44,1777248262898616000
45,1777248262973012000
46,1777248263082025000
47,1777248263211607000
48,1777248263297357000
49,1777248263405684000
50,1777248263510663000
51,1777248263618857000
52,1777248263709041000
53,1777248263818554000
54,1777248263927006000
55,1777248264027418000
56,1777248264118668000
57,1777248264205808000
58,1777248264322238000
59,1777248264434165000
60,1777248264532500000
61,1777248264620547000
62,1777248264735612000
63,1777248264827279000
64,1777248264933044000
65,1777248265266358000
66,1777248265304886000
67,1777248265309460000
68,1777248265309460000
69,1777248265357971000
70,1777248265469328000
71,1777248265603650000
72,1777248265721211000
73,1777248265827394000
74,1777248265933324000
75,1777248266040381000
76,1777248266138507000
77,1777248266235498000
78,1777248266331448000
79,1777248266441887000
80,1777248266534122000
81,1777248266639133000
82,1777248266723734000
83,1777248266844336000
84,1777248266925413000
85,1777248267030503000
86,1777248267136487000
87,1777248267226789000
88,1777248267345382000
89,1777248267441361000
90,1777248267533979000
91,1777248267637830000
92,1777248267733604000
93,1777248267829493000
94,1777248267944201000
95,1777248268026721000
96,1777248268151917000
97,1777248268221722000
98,1777248268326784000
99,1777248268445483000
100,1777248268501929000
101,1777248268628485000
102,1777248268719518000
103,1777248268819525000
104,1777248268926628000
105,1777248269022290000
106,1777248269127140000
107,1777248269232995000
108,1777248269324334000
109,1777248269425599000
110,1777248269539408000
111,1777248269633868000
112,1777248269738680000
113,1777248269845871000
114,1777248269921396000
115,1777248270045536000
116,1777248270076104000
117,1777248270174228000
118,1777248270294922000
119,1777248270426851000
120,1777248270540863000
121,1777248270642298000
122,1777248270749265000
123,1777248270848529000
124,1777248270945643000
125,1777248271024540000
126,1777248271092958000
127,1777248271230284000
128,1777248271342866000
129,1777248271435242000
130,1777248271517449000
131,1777248271644926000
132,1777248271741738000
133,1777248271814036000
134,1777248271940645000
135,1777248272038937000
136,1777248272158603000
137,1777248272244266000
138,1777248272345920000
139,1777248272446518000
140,1777248272549411000
141,1777248272627200000
142,1777248272645148000
143,1777248272770157000
144,1777248272887504000
145,1777248273023103000
146,1777248273101885000
147,1777248273220491000
148,1777248273325348000
149,1777248273408703000
150,1777248273513756000
151,1777248273608679000
152,1777248273716046000
153,1777248273840287000
154,1777248274124469000
155,1777248274267883000
156,1777248274306249000
157,1777248274312864000
158,1777248274312865000
159,1777248274356982000
160,1777248274469765000
161,1777248274588173000
162,1777248274714553000
163,1777248274818182000
164,1777248274914181000
165,1777248275008967000
166,1777248275118124000
167,1777248275191435000
168,1777248275323407000
169,1777248275418253000
170,1777248275508540000
171,1777248275613512000
172,1777248275703653000
173,1777248275808664000
174,1777248275913478000
175,1777248276003654000
176,1777248276107433000
177,1777248276217795000
178,1777248276305873000
179,1777248276416594000
180,1777248276503465000
181,1777248276618833000
182,1777248276727287000
183,1777248276821073000
184,1777248276931791000
185,1777248277026365000
186,1777248277116244000
187,1777248277239051000
188,1777248277326116000
189,1777248277434386000
190,1777248277543910000
191,1777248277640932000
192,1777248277751380000
193,1777248277825953000
194,1777248277942330000
195,1777248278008882000
196,1777248278082146000
197,1777248278163158000
198,1777248278293955000
199,1777248278456426000
200,1777248278543409000
201,1777248278605478000
202,1777248278691163000
203,1777248278823072000
204,1777248278925863000
205,1777248279026428000
206,1777248279121444000
207,1777248279229904000
208,1777248279335758000
209,1777248279415883000
210,1777248279537909000
211,1777248279637096000
212,1777248279747332000
213,1777248279842420000
214,1777248279934751000
215,1777248280049790000
216,1777248280138949000
217,1777248280155935000
218,1777248280294514000
219,1777248280381361000
220,1777248280503352000
221,1777248280598240000
222,1777248280707503000
223,1777248280810161000
224,1777248280924113000
225,1777248281014262000
226,1777248281116940000
227,1777248281231799000
228,1777248281328898000
229,1777248281433963000
230,1777248281543324000
231,1777248281641455000
232,1777248281742783000
233,1777248281844138000
234,1777248281881374000
235,1777248281980817000
236,1777248282091414000
237,1777248282194167000
238,1777248282308940000
239,1777248282417424000
240,1777248282522515000
241,1777248282620755000
242,1777248282724321000
243,1777248282841503000
244,1777248282939475000
245,1777248283018481000
246,1777248283130053000
247,1777248283237130000
248,1777248283329480000
249,1777248283441231000
250,1777248283537033000
251,1777248283643058000
252,1777248283743514000
253,1777248283834948000
254,1777248283942260000
255,1777248284057290000
256,1777248284090058000
257,1777248284161082000
258,1777248284281319000
259,1777248284430058000
260,1777248284508895000
261,1777248284617181000
262,1777248284716239000
263,1777248284814229000
264,1777248284925038000
265,1777248285019571000
266,1777248285104107000
267,1777248285219411000
268,1777248285322189000
269,1777248285420196000
270,1777248285517285000
271,1777248285621296000
272,1777248285727197000
273,1777248285824117000
274,1777248285924411000
275,1777248286032864000
276,1777248286136934000
277,1777248286192865000
278,1777248286323703000
279,1777248286407177000
280,1777248286540058000
281,1777248286624717000
282,1777248286738371000
283,1777248286845583000
284,1777248286944595000
285,1777248287028051000
287,1777248287201781000
288,1777248287313504000
289,1777248287409449000
290,1777248287513063000
291,1777248287623748000
292,1777248287702830000
293,1777248287807480000
294,1777248287896672000
295,1777248288010547000
296,1777248288121024000
297,1777248288216903000
298,1777248288315236000
299,1777248288415400000
300,1777248288527191000
301,1777248288626574000
302,1777248288771862000
303,1777248288845256000
304,1777248288932075000
305,1777248289046137000
306,1777248289074479000
307,1777248289222296000
308,1777248289315929000
309,1777248289416436000
310,1777248289524507000
311,1777248289623717000
312,1777248289727197000
313,1777248289827509000
314,1777248289921006000
315,1777248290032415000
316,1777248290130326000
317,1777248290230570000
318,1777248290335430000
319,1777248290435504000
320,1777248290520115000
321,1777248290641864000
322,1777248290742522000
323,1777248290853208000
324,1777248290944679000
325,1777248290969570000
326,1777248291073271000
327,1777248291191393000
328,1777248291317641000
329,1777248291411235000
330,1777248291518450000
331,1777248291621105000
332,1777248291717042000
333,1777248291818695000
334,1777248291922234000
335,1777248292031703000
336,1777248292130585000
337,1777248292219543000
338,1777248292336819000
339,1777248292437272000
340,1777248292542037000
341,1777248292640231000
342,1777248292747380000
343,1777248292831993000
344,1777248292944710000
345,1777248293048520000
346,1777248293394118000
347,1777248293449351000
350,1777248293537393000
351,1777248293596069000
352,1777248293667271000
353,1777248293752018000
354,1777248293871423000
355,1777248294004453000
356,1777248294110670000
357,1777248294211272000
358,1777248294318649000
359,1777248294423578000
360,1777248294516128000
361,1777248294624461000
362,1777248294717012000
363,1777248294830802000
364,1777248294920097000
365,1777248295021578000
366,1777248295130979000
367,1777248295234970000
368,1777248295341219000
369,1777248295438343000
370,1777248295531076000
371,1777248295640309000
372,1777248295747369000
373,1777248295834219000
374,1777248295942679000
375,1777248296024992000
376,1777248296112723000
377,1777248296212135000
378,1777248296312391000
379,1777248296417252000
380,1777248296513338000
381,1777248296611640000
382,1777248296708559000
383,1777248296810064000
384,1777248296920671000
